Country,Alpha-2 code,Covid Death Rate,Covid Deaths,Covid Cases,Covid Cases per Mil Pop
Afghanistan,AF,4.3978440289708605,2611.0,59370.0,1124.0
Albania,AL,1.821508965897432,2379.0,130606.0,18.0
Algeria,DZ,2.6562190369244996,3217.0,121112.0,20.0
American Samoa,AS,,0.0,0.0,0.0
Andorra,AD,0.9477948482763892,124.0,13083.0,24.0
Angola,AO,2.2676001555814858,583.0,25710.0,24.0
Anguilla,AI,0.0,0.0,80.0,0.0
Antarctica,AQ,,0.0,0.0,0.0
Antigua and Barbuda,AG,2.5974025974025974,32.0,1232.0,1.0
Argentina,AR,2.1560404170328824,62087.0,2879677.0,5036.0
Armenia,AM,1.895694745496674,4058.0,214064.0,0.0
Aruba,AW,0.9284699194694457,98.0,10555.0,14.0
Australia,AU,3.062117235345582,910.0,29718.0,1.0
Austria,AT,1.6541156868190208,10126.0,612170.0,520.0
Azerbaijan,AZ,1.4055007790707639,4429.0,315119.0,0.0
Bahamas,BS,1.9373776908023486,198.0,10220.0,4.0
Bahrain,BH,0.36215928054885965,625.0,172576.0,101.0
Bangladesh,BD,1.493762464096086,11228.0,751659.0,0.0
Barbados,BB,1.1494252873563218,44.0,3828.0,0.0
Belarus,BY,0.7082660170468803,2512.0,354669.0,0.0
Belgium,BE,2.4654539344813173,24065.0,976088.0,886.0
Belize,BZ,2.550697084917617,322.0,12624.0,1.0
Benin,BJ,1.2564766839378239,97.0,7720.0,35.0
Bermuda,BM,1.0182435299109036,24.0,2357.0,28.0
Bhutan,BT,0.0949667616334283,1.0,1053.0,0.0
"Bolivia, Plurinational State of",BO,4.304533801016139,12861.0,298778.0,71.0
Bolivia,BO,4.304533801016139,12861.0,298778.0,71.0
Bosnia and Herzegovina,BA,4.278917512148507,8418.0,196732.0,0.0
Botswana,BW,1.5069239995638426,691.0,45855.0,1.0
Bouvet Island,BV,,0.0,0.0,0.0
Brazil,BR,2.7292383762909123,392204.0,14370456.0,8318.0
British Indian Ocean Territory,IO,,0.0,0.0,0.0
Brunei Darussalam,BN,1.345291479820628,3.0,223.0,0.0
Brunei,BN,1.345291479820628,3.0,223.0,0.0
Bulgaria,BG,4.0327206149391746,16101.0,399259.0,724.0
Burkina Faso,BF,1.1762044786247454,156.0,13263.0,0.0
Burundi,BI,0.15487867836861124,6.0,3874.0,0.0
Cambodia,KH,0.7412094368616108,82.0,11063.0,0.0
Cameroon,CM,1.5015606533531318,991.0,65998.0,385.0
Canada,CA,2.0223618128524024,24024.0,1187918.0,1355.0
Cape Verde,CV,,0.0,0.0,0.0
Cayman Islands,KY,0.36968576709796674,2.0,541.0,0.0
Central African Republic,CF,1.3656812339331619,85.0,6224.0,2.0
Chad,TD,3.5414920368818104,169.0,4772.0,0.0
Chile,CL,2.2094837251002453,25975.0,1175614.0,3363.0
China,CN,5.116433064783137,4636.0,90610.0,4.0
Christmas Island,CX,,0.0,0.0,0.0
Cocos (Keeling) Islands,CC,,0.0,0.0,0.0
Colombia,CO,2.5759309267776054,71799.0,2787303.0,6006.0
Comoros,KM,3.8130060067902845,146.0,3829.0,0.0
Congo,CG,1.3485671474058814,144.0,10678.0,0.0
"Congo, the Democratic Republic of the",CD,2.5531052649353283,756.0,29611.0,0.0
Cook Islands,CK,,0.0,0.0,0.0
Costa Rica,CR,1.313215055546344,3168.0,241240.0,415.0
CÃ´te d'Ivoire,CI,,0.0,0.0,0.0
Ivory Coast,CI,,0.0,0.0,0.0
Croatia,HR,2.141715897091736,6957.0,324833.0,261.0
Cuba,CU,0.5827744750636952,597.0,102441.0,64.0
Cyprus,CY,0.4780813214739517,301.0,62960.0,78.0
Czech Republic,CZ,1.791681789919379,29075.0,1622777.0,685.0
Denmark,DK,0.9957822855995179,2479.0,248950.0,36.0
Djibouti,DJ,1.2677997243913643,138.0,10885.0,0.0
Dominica,DM,0.0,0.0,173.0,0.0
Dominican Republic,DO,1.3033010176976145,3459.0,265403.0,177.0
Ecuador,EC,4.882929757854713,18300.0,374775.0,635.0
Egypt,EG,5.86406220639423,13107.0,223514.0,90.0
El Salvador,SV,3.06960782888136,2111.0,68771.0,33.0
Equatorial Guinea,GQ,1.4155311549146712,107.0,7559.0,5.0
Eritrea,ER,0.27472527472527475,10.0,3640.0,0.0
Estonia,EE,0.950047998940713,1148.0,120836.0,59.0
Ethiopia,ET,1.4103982300884954,3570.0,253120.0,990.0
Falkland Islands (Malvinas),FK,0.0,0.0,63.0,0.0
Faroe Islands,FO,,0.0,0.0,0.0
Fiji,FJ,1.834862385321101,2.0,109.0,0.0
Finland,FI,1.053841064982997,908.0,86161.0,32.0
France,FR,1.8760188052462248,103256.0,5503996.0,6001.0
French Guiana,GF,0.5262050094716901,100.0,19004.0,14.0
French Polynesia,PF,0.7524414323069534,141.0,18739.0,3.0
French Southern Territories,TF,,0.0,0.0,0.0
Gabon,GA,0.6114852889046438,138.0,22568.0,19.0
Gambia,GM,2.953730578794605,173.0,5857.0,3.0
Georgia,GE,1.3274480954716366,4060.0,305850.0,0.0
Germany,DE,2.489412047818333,82344.0,3307769.0,5049.0
Ghana,GH,0.8424900501816924,779.0,92464.0,8.0
Gibraltar,GI,2.194723324772356,94.0,4283.0,1.0
Greece,GR,3.0161226662201437,10087.0,334436.0,811.0
Greenland,GL,0.0,0.0,31.0,0.0
Grenada,GD,0.628930817610063,1.0,159.0,0.0
Guadeloupe,GP,1.3534274636037749,185.0,13669.0,23.0
Guam,GU,3.125,1.0,32.0,190.0
Guatemala,GT,3.346865580181942,7428.0,221939.0,5.0
Guernsey,GG,,0.0,0.0,0.0
Guinea,GN,0.6395718044089631,141.0,22046.0,24.0
Guinea-Bissau,GW,1.7981749865807837,67.0,3726.0,9.0
Guyana,GY,2.250274423710209,287.0,12754.0,16.0
Haiti,HT,1.9463035618124471,253.0,12999.0,0.0
Heard Island and McDonald Islands,HM,,0.0,0.0,0.0
Holy See (Vatican City State),VA,0.0,0.0,27.0,0.0
Honduras,HN,2.50482346131584,5193.0,207320.0,596.0
Hong Kong,HK,1.7788747978551365,209.0,11749.0,3.0
Hungary,HU,3.492138676108797,26984.0,772707.0,753.0
Iceland,IS,0.4498216224600589,29.0,6447.0,4.0
India,IN,1.122082984833503,197894.0,17636307.0,8944.0
Indonesia,ID,2.7206177041447055,44939.0,1651794.0,0.0
"Iran, Islamic Republic of",IR,2.8927980680774654,70532.0,2438193.0,5287.0
Iraq,IQ,1.468694079482493,15348.0,1045010.0,539.0
Ireland,IE,1.972728266192845,4874.0,247069.0,47.0
Isle of Man,IM,1.8273471959672338,29.0,1587.0,1.0
Israel,IL,0.7580593013780836,6354.0,838193.0,140.0
Italy,IT,3.010213255021135,119539.0,3971114.0,2849.0
Jamaica,JM,1.6856794772400046,761.0,45145.0,27.0
Japan,JP,1.7518912860745306,10004.0,571040.0,916.0
Jersey,JE,,0.0,0.0,0.0
Jordan,JO,1.229170806483663,8660.0,704540.0,729.0
Kazakhstan,KZ,1.1557482337829157,3599.0,311400.0,221.0
Kenya,KE,1.6836432434498443,2643.0,156981.0,205.0
Kiribati,KI,,0.0,0.0,0.0
"Korea, Democratic People's Republic of",KP,,0.0,0.0,0.0
"Korea, Republic of",KR,1.5179569300572153,1820.0,119898.0,156.0
South Korea,KR,1.5179569300572153,1820.0,119898.0,156.0
Kuwait,KW,0.5692769399966447,1527.0,268235.0,220.0
Kyrgyzstan,KG,1.6854588075564558,1589.0,94277.0,25.0
Lao People's Democratic Republic,LA,0.0,0.0,511.0,0.0
Latvia,LV,1.8168980126063445,2110.0,116132.0,84.0
Lebanon,LB,1.3748583633222835,7171.0,521581.0,665.0
Lesotho,LS,2.9455630126771064,316.0,10728.0,0.0
Liberia,LR,4.051477597712107,85.0,2098.0,2.0
Libyan Arab Jamahiriya,LY,1.7077626607055727,3010.0,176254.0,0.0
Libya,LY,1.7077626607055727,3010.0,176254.0,0.0
Liechtenstein,LI,1.9757365684575388,57.0,2885.0,7.0
Lithuania,LT,1.5959592633147544,3877.0,242926.0,217.0
Luxembourg,LU,1.1917317021725375,791.0,66374.0,30.0
Macao,MO,0.0,0.0,49.0,0.0
"Macedonia, the former Yugoslav Republic of",MK,3.1286503132632473,4714.0,150672.0,124.0
Madagascar,MG,1.696601271069356,614.0,36190.0,409.0
Malawi,MW,3.371447047411893,1147.0,34021.0,6.0
Malaysia,MY,0.3669209011898577,1462.0,398451.0,294.0
Maldives,MV,0.2517551946670449,71.0,28202.0,90.0
Mali,ML,3.470493483672573,474.0,13658.0,0.0
Malta,MT,1.366011774823047,413.0,30234.0,0.0
Marshall Islands,MH,0.0,0.0,4.0,0.0
Martinique,MQ,0.6408444067477146,68.0,10611.0,24.0
Mauritania,MR,2.4887867848156655,455.0,18282.0,14.0
Mauritius,MU,1.4096185737976783,17.0,1206.0,0.0
Mayotte,YT,0.8514282835407325,169.0,19849.0,5.0
Mexico,MX,9.234164429452415,215113.0,2329534.0,4798.0
"Micronesia, Federated States of",FM,,0.0,0.0,0.0
"Moldova, Republic of",MD,2.3036670208713432,5745.0,249385.0,226.0
Monaco,MC,1.3120131201312013,32.0,2439.0,1.0
Mongolia,MN,0.27129512593643057,88.0,32437.0,64.0
Montenegro,ME,1.5220244061211627,1473.0,96779.0,69.0
Montserrat,MS,5.0,1.0,20.0,0.0
Morocco,MA,1.7663627530841177,8999.0,509465.0,233.0
Mozambique,MZ,1.1604389299289966,809.0,69715.0,43.0
Myanmar,MM,2.2467423287095416,3207.0,142740.0,0.0
Burma,MM,2.2467423287095416,3207.0,142740.0,0.0
Namibia,,,,,
Nauru,NR,,0.0,0.0,0.0
Nepal,NP,1.0372655679142648,3194.0,307925.0,0.0
Netherlands,NL,1.1627867354261494,17062.0,1467337.0,820.0
Netherlands Antilles,,,,,
New Caledonia,NC,0.0,0.0,124.0,0.0
New Zealand,NZ,0.9965504024530472,26.0,2609.0,0.0
Nicaragua,NI,2.6481346013167517,181.0,6835.0,0.0
Niger,NE,3.670253651037663,191.0,5204.0,18.0
Nigeria,NG,1.2515477433295297,2062.0,164756.0,11.0
Niue,NU,,0.0,0.0,0.0
Norfolk Island,NF,,0.0,0.0,0.0
Northern Mariana Islands,MP,,0.0,0.0,0.0
Norway,NO,0.6620967596840648,736.0,111162.0,42.0
Oman,OM,1.0407632263660018,1992.0,191398.0,283.0
Pakistan,PK,2.152833941453949,17329.0,804939.0,5075.0
Palau,PW,,0.0,0.0,0.0
"Palestinian Territory, Occupied",PS,1.090216810704943,3184.0,292052.0,137.0
Panama,PA,1.7105172579956769,6212.0,363165.0,105.0
Papua New Guinea,PG,0.9690816797415782,105.0,10835.0,0.0
Paraguay,PY,2.2283026363173972,6002.0,269353.0,549.0
Peru,PE,3.3940433868382622,60013.0,1768186.0,2628.0
Philippines,PH,1.6688732836236138,16916.0,1013618.0,750.0
Pitcairn,PN,,0.0,0.0,0.0
Poland,PL,2.38064272331915,65897.0,2768034.0,3041.0
Portugal,PT,2.032617733676157,16965.0,834638.0,91.0
Puerto Rico,PR,5.128205128205128,2.0,39.0,14.0
Qatar,QA,0.21537278713085994,437.0,202904.0,395.0
RÃ©union,RE,0.7289458718916404,141.0,19343.0,36.0
Romania,RO,2.637634237508087,27683.0,1049539.0,1336.0
Russian Federation,RU,2.2801906087029296,108980.0,4779425.0,2300.0
Russia,RU,2.2801906087029296,108980.0,4779425.0,2300.0
Rwanda,RW,1.3372776269400655,330.0,24677.0,6.0
"Saint Helena, Ascension and Tristan da Cunha",SH,,0.0,0.0,0.0
Saint Kitts and Nevis,KN,0.0,0.0,44.0,0.0
Saint Lucia,LC,1.6215015548645044,73.0,4502.0,0.0
Saint Pierre and Miquelon,PM,0.0,0.0,25.0,0.0
Saint Vincent and the Grenadines,VC,,0.0,0.0,0.0
Saint Vincent & the Grenadines,VC,,0.0,0.0,0.0
St. Vincent and the Grenadines,VC,,0.0,0.0,0.0
Samoa,WS,0.0,0.0,3.0,0.0
San Marino,SM,1.7793594306049825,90.0,5058.0,6.0
Sao Tome and Principe,ST,1.5224010439321443,35.0,2299.0,0.0
Saudi Arabia,SA,1.6710966903980746,6922.0,414219.0,1277.0
Senegal,SN,2.7517229368297964,1106.0,40193.0,9.0
Serbia,RS,0.9179143671129342,6257.0,681654.0,183.0
Seychelles,SC,0.48561822936122523,26.0,5354.0,0.0
Sierra Leone,SL,1.9525457241720217,79.0,4046.0,0.0
Singapore,SG,0.049129587475230496,30.0,61063.0,0.0
Slovakia,SK,3.0412774837187055,11572.0,380498.0,332.0
Slovenia,SI,1.7733580368283737,4221.0,238023.0,161.0
Solomon Islands,SB,0.0,0.0,20.0,0.0
Somalia,SO,5.082536924413553,702.0,13812.0,0.0
South Africa,ZA,3.4375000000000004,54186.0,1576320.0,546.0
South Georgia and the South Sandwich Islands,GS,,0.0,0.0,0.0
South Sudan,SS,1.0817992028847978,114.0,10538.0,0.0
Spain,ES,2.228427427619394,77738.0,3488469.0,2356.0
Sri Lanka,LK,0.6319840587637727,647.0,102376.0,0.0
Sudan,SD,7.120686507211977,2340.0,32862.0,0.0
Suriname,SR,1.9938498164864598,201.0,10081.0,20.0
Svalbard and Jan Mayen,SJ,,0.0,0.0,0.0
Swaziland,SZ,,0.0,0.0,0.0
Sweden,SE,1.4652967624578548,13968.0,953254.0,392.0
Switzerland,CH,1.6189137817929924,10587.0,653957.0,237.0
Syrian Arab Republic,SY,6.952616213788457,1548.0,22265.0,0.0
"Taiwan, Province of China",TW,1.0810810810810811,12.0,1110.0,0.0
Taiwan,TW,1.0810810810810811,12.0,1110.0,0.0
Tajikistan,TJ,0.6762849413886384,90.0,13308.0,0.0
"Tanzania, United Republic of",TZ,4.12573673870334,21.0,509.0,7.0
Thailand,TH,0.27309129291135426,163.0,59687.0,1.0
Timor-Leste,TL,0.146484375,3.0,2048.0,0.0
Togo,TG,0.9511187339206362,122.0,12827.0,0.0
Tokelau,TK,,0.0,0.0,0.0
Tonga,TO,,0.0,0.0,0.0
Trinidad and Tobago,TT,1.6231114740710495,159.0,9796.0,8.0
Tunisia,TN,3.432053496537114,10352.0,301627.0,516.0
Turkey,TR,0.8294122423740933,38711.0,4667281.0,3563.0
Turkmenistan,TM,,0.0,0.0,0.0
Turks and Caicos Islands,TC,0.7154882154882155,17.0,2376.0,2.0
Tuvalu,TV,,0.0,0.0,0.0
Uganda,UG,0.8174517559630828,341.0,41715.0,24.0
Ukraine,UA,2.1072018714111334,42950.0,2038248.0,177.0
United Arab Emirates,AE,,0.0,0.0,0.0
United Kingdom,GB,2.8916623893281197,127434.0,4406946.0,243.0
United States,US,1.7843577597521798,586616.0,32875470.0,9884.0
United States Minor Outlying Islands,UM,,0.0,0.0,0.0
Uruguay,UY,1.2762277887792302,2391.0,187349.0,535.0
Uzbekistan,UZ,0.7207408233850273,646.0,89630.0,23.0
Vanuatu,VU,25.0,1.0,4.0,0.0
"Venezuela, Bolivarian Republic of",VE,1.0727384180614863,2065.0,192498.0,293.0
Venezuela,VE,1.0727384180614863,2065.0,192498.0,293.0
Viet Nam,VN,1.2250612530626532,35.0,2857.0,0.0
Vietnam,VN,1.2250612530626532,35.0,2857.0,0.0
"Virgin Islands, British",VG,0.5154639175257731,1.0,194.0,0.0
"Virgin Islands, U.S.",VI,0.0,0.0,17.0,163.0
Wallis and Futuna,WF,1.1286681715575622,5.0,443.0,3.0
Western Sahara,EH,10.0,1.0,10.0,0.0
Yemen,YE,19.488921235646124,1205.0,6183.0,23.0
Zambia,ZM,1.3657554334741404,1248.0,91378.0,39.0
Zimbabwe,ZW,4.094273266495197,1560.0,38102.0,12.0
